fraction_word_problems_a1,Year 3 Math,,grade_3_fraction_word_problems_a1.pdf,,,,,,uploaded
fraction_word_problems_a2,Year 3 Math,,grade_3_fraction_word_problems_a2.pdf,,,,,,uploaded
fraction_word_problems_a3,Year 3 Math,,grade_3_fraction_word_problems_a3.pdf,,,,,,uploaded
fraction_word_problems_a4,Year 3 Math,,grade_3_fraction_word_problems_a4.pdf,,,,,,uploaded
fraction_word_problems_a5,Year 3 Math,,grade_3_fraction_word_problems_a5.pdf,,,,,,uploaded
fraction_word_problems_a6,Year 3 Math,,grade_3_fraction_word_problems_a6.pdf,,,,,,uploaded
fraction_word_problems_b1,Year 3 Math,,grade_3_fraction_word_problems_b1.pdf,,,,,,uploaded
fraction_word_problems_b2,Year 3 Math,,grade_3_fraction_word_problems_b2.pdf,,,,,,uploaded
fraction_word_problems_b3,Year 3 Math,,grade_3_fraction_word_problems_b3.pdf,,,,,,uploaded
adding-decimals-1-digit-a,Year 3 Math,,grade-3-adding-decimals-1-digit-a.pdf,,,,,,uploaded
adding-decimals-1-digit-a,Year 3 Math,,grade-3-adding-decimals-1-digit-a.pdf,,,,,,uploaded
adding-decimals-1-digit-b,Year 3 Math,,grade-3-adding-decimals-1-digit-b.pdf,,,,,,uploaded
adding-decimals-1-digit-c,Year 3 Math,,grade-3-adding-decimals-1-digit-c.pdf,,,,,,uploaded
adding-decimals-1-digit-d,Year 3 Math,,grade-3-adding-decimals-1-digit-d.pdf,,,,,,uploaded
adding-decimals-1-digit-e,Year 3 Math,,grade-3-adding-decimals-1-digit-e.pdf,,,,,,uploaded
adding-decimals-1-digit-f,Year 3 Math,,grade-3-adding-decimals-1-digit-f.pdf,,,,,,uploaded
adding-decimals-in-columns-1-digit-a,Year 3 Math,,grade-3-adding-decimals-in-columns-1-digit-a.pdf,,,,,,uploaded
adding-decimals-in-columns-1-digit-a,Year 3 Math,,grade-3-adding-decimals-in-columns-1-digit-a.pdf,,,,,,uploaded
adding-decimals-in-columns-1-digit-b,Year 3 Math,,grade-3-adding-decimals-in-columns-1-digit-b.pdf,,,,,,uploaded
adding-decimals-in-columns-1-digit-c,Year 3 Math,,grade-3-adding-decimals-in-columns-1-digit-c.pdf,,,,,,uploaded
adding-decimals-in-columns-1-digit-d,Year 3 Math,,grade-3-adding-decimals-in-columns-1-digit-d.pdf,,,,,,uploaded
adding-decimals-in-columns-1-digit-e,Year 3 Math,,grade-3-adding-decimals-in-columns-1-digit-e.pdf,,,,,,uploaded
adding-decimals-in-columns-1-digit-f,Year 3 Math,,grade-3-adding-decimals-in-columns-1-digit-f.pdf,,,,,,uploaded
adding-fractions-like-denominators-a,Year 3 Math,,grade-3-adding-fractions-like-denominators-a.pdf,,,,,,uploaded
adding-fractions-like-denominators-a,Year 3 Math,,grade-3-adding-fractions-like-denominators-a.pdf,,,,,,uploaded
adding-fractions-like-denominators-b,Year 3 Math,,grade-3-adding-fractions-like-denominators-b.pdf,,,,,,uploaded
adding-fractions-like-denominators-c,Year 3 Math,,grade-3-adding-fractions-like-denominators-c.pdf,,,,,,uploaded
adding-fractions-like-denominators-d,Year 3 Math,,grade-3-adding-fractions-like-denominators-d.pdf,,,,,,uploaded
adding-fractions-like-denominators-e,Year 3 Math,,grade-3-adding-fractions-like-denominators-e.pdf,,,,,,uploaded
adding-fractions-like-denominators-f,Year 3 Math,,grade-3-adding-fractions-like-denominators-f.pdf,,,,,,uploaded
adding-improper-fractions-a,Year 3 Math,,grade-3-adding-improper-fractions-a.pdf,,,,,,uploaded
adding-improper-fractions-a,Year 3 Math,,grade-3-adding-improper-fractions-a.pdf,,,,,,uploaded
adding-improper-fractions-b,Year 3 Math,,grade-3-adding-improper-fractions-b.pdf,,,,,,uploaded
adding-improper-fractions-c,Year 3 Math,,grade-3-adding-improper-fractions-c.pdf,,,,,,uploaded
adding-improper-fractions-d,Year 3 Math,,grade-3-adding-improper-fractions-d.pdf,,,,,,uploaded
adding-improper-fractions-e,Year 3 Math,,grade-3-adding-improper-fractions-e.pdf,,,,,,uploaded
adding-improper-fractions-f,Year 3 Math,,grade-3-adding-improper-fractions-f.pdf,,,,,,uploaded
adding-mixed-numbers-like-denominators-a,Year 3 Math,,grade-3-adding-mixed-numbers-like-denominators-a.pdf,,,,,,uploaded
adding-mixed-numbers-like-denominators-a,Year 3 Math,,grade-3-adding-mixed-numbers-like-denominators-a.pdf,,,,,,uploaded
adding-mixed-numbers-like-denominators-b,Year 3 Math,,grade-3-adding-mixed-numbers-like-denominators-b.pdf,,,,,,uploaded
adding-mixed-numbers-like-denominators-c,Year 3 Math,,grade-3-adding-mixed-numbers-like-denominators-c.pdf,,,,,,uploaded
adding-mixed-numbers-like-denominators-d,Year 3 Math,,grade-3-adding-mixed-numbers-like-denominators-d.pdf,,,,,,uploaded
adding-mixed-numbers-like-denominators-e,Year 3 Math,,grade-3-adding-mixed-numbers-like-denominators-e.pdf,,,,,,uploaded
adding-mixed-numbers-like-denominators-f,Year 3 Math,,grade-3-adding-mixed-numbers-like-denominators-f.pdf,,,,,,uploaded
compare-decimals-a,Year 3 Math,,grade-3-compare-decimals-a.pdf,,,,,,uploaded
compare-decimals-a,Year 3 Math,,grade-3-compare-decimals-a.pdf,,,,,,uploaded
compare-decimals-b,Year 3 Math,,grade-3-compare-decimals-b.pdf,,,,,,uploaded
compare-decimals-c,Year 3 Math,,grade-3-compare-decimals-c.pdf,,,,,,uploaded
comparing-fractions-improper-a,Year 3 Math,,grade-3-comparing-fractions-improper-a.pdf,,,,,,uploaded
comparing-fractions-improper-a,Year 3 Math,,grade-3-comparing-fractions-improper-a.pdf,,,,,,uploaded
comparing-fractions-improper-b,Year 3 Math,,grade-3-comparing-fractions-improper-b.pdf,,,,,,uploaded
comparing-fractions-improper-c,Year 3 Math,,grade-3-comparing-fractions-improper-c.pdf,,,,,,uploaded
comparing-fractions-improper-d,Year 3 Math,,grade-3-comparing-fractions-improper-d.pdf,,,,,,uploaded
comparing-fractions-improper-e,Year 3 Math,,grade-3-comparing-fractions-improper-e.pdf,,,,,,uploaded
comparing-fractions-improper-f,Year 3 Math,,grade-3-comparing-fractions-improper-f.pdf,,,,,,uploaded
comparing-fractions-like-denominators-a,Year 3 Math,,grade-3-comparing-fractions-like-denominators-a.pdf,,,,,,uploaded
comparing-fractions-like-denominators-a,Year 3 Math,,grade-3-comparing-fractions-like-denominators-a.pdf,,,,,,uploaded
comparing-fractions-like-denominators-b,Year 3 Math,,grade-3-comparing-fractions-like-denominators-b.pdf,,,,,,uploaded
comparing-fractions-like-denominators-c,Year 3 Math,,grade-3-comparing-fractions-like-denominators-c.pdf,,,,,,uploaded
comparing-fractions-like-denominators-d,Year 3 Math,,grade-3-comparing-fractions-like-denominators-d.pdf,,,,,,uploaded
comparing-fractions-like-denominators-e,Year 3 Math,,grade-3-comparing-fractions-like-denominators-e.pdf,,,,,,uploaded
comparing-fractions-like-denominators-f,Year 3 Math,,grade-3-comparing-fractions-like-denominators-f.pdf,,,,,,uploaded
comparing-fractions-mixed-numbers-a,Year 3 Math,,grade-3-comparing-fractions-mixed-numbers-a.pdf,,,,,,uploaded
comparing-fractions-mixed-numbers-a,Year 3 Math,,grade-3-comparing-fractions-mixed-numbers-a.pdf,,,,,,uploaded
comparing-fractions-mixed-numbers-b,Year 3 Math,,grade-3-comparing-fractions-mixed-numbers-b.pdf,,,,,,uploaded
comparing-fractions-mixed-numbers-c,Year 3 Math,,grade-3-comparing-fractions-mixed-numbers-c.pdf,,,,,,uploaded
comparing-fractions-mixed-numbers-d,Year 3 Math,,grade-3-comparing-fractions-mixed-numbers-d.pdf,,,,,,uploaded
comparing-fractions-mixed-numbers-e,Year 3 Math,,grade-3-comparing-fractions-mixed-numbers-e.pdf,,,,,,uploaded
comparing-fractions-mixed-numbers-f,Year 3 Math,,grade-3-comparing-fractions-mixed-numbers-f.pdf,,,,,,uploaded
comparing-fractions-same-denominator-a,Year 3 Math,,grade-3-comparing-fractions-same-denominator-a.pdf,,,,,,uploaded
comparing-fractions-same-denominator-a,Year 3 Math,,grade-3-comparing-fractions-same-denominator-a.pdf,,,,,,uploaded
comparing-fractions-same-denominator-b,Year 3 Math,,grade-3-comparing-fractions-same-denominator-b.pdf,,,,,,uploaded
comparing-fractions-same-denominator-c,Year 3 Math,,grade-3-comparing-fractions-same-denominator-c.pdf,,,,,,uploaded
comparing-fractions-same-denominator-d,Year 3 Math,,grade-3-comparing-fractions-same-denominator-d.pdf,,,,,,uploaded
comparing-fractions-same-denominator-e,Year 3 Math,,grade-3-comparing-fractions-same-denominator-e.pdf,,,,,,uploaded
comparing-fractions-same-denominator-f,Year 3 Math,,grade-3-comparing-fractions-same-denominator-f.pdf,,,,,,uploaded
comparing-fractions-unlike-denominators-a,Year 3 Math,,grade-3-comparing-fractions-unlike-denominators-a.pdf,,,,,,uploaded
comparing-fractions-unlike-denominators-a,Year 3 Math,,grade-3-comparing-fractions-unlike-denominators-a.pdf,,,,,,uploaded
comparing-fractions-unlike-denominators-b,Year 3 Math,,grade-3-comparing-fractions-unlike-denominators-b.pdf,,,,,,uploaded
comparing-fractions-unlike-denominators-c,Year 3 Math,,grade-3-comparing-fractions-unlike-denominators-c.pdf,,,,,,uploaded
comparing-fractions-unlike-denominators-d,Year 3 Math,,grade-3-comparing-fractions-unlike-denominators-d.pdf,,,,,,uploaded
comparing-fractions-unlike-denominators-e,Year 3 Math,,grade-3-comparing-fractions-unlike-denominators-e.pdf,,,,,,uploaded
comparing-fractions-unlike-denominators-f,Year 3 Math,,grade-3-comparing-fractions-unlike-denominators-f.pdf,,,,,,uploaded
comparing-mixed-numbers-and-fractions-a,Year 3 Math,,grade-3-comparing-mixed-numbers-and-fractions-a.pdf,,,,,,uploaded
comparing-mixed-numbers-and-fractions-a,Year 3 Math,,grade-3-comparing-mixed-numbers-and-fractions-a.pdf,,,,,,uploaded
comparing-mixed-numbers-and-fractions-b,Year 3 Math,,grade-3-comparing-mixed-numbers-and-fractions-b.pdf,,,,,,uploaded
comparing-mixed-numbers-and-fractions-c,Year 3 Math,,grade-3-comparing-mixed-numbers-and-fractions-c.pdf,,,,,,uploaded
comparing-mixed-numbers-and-fractions-d,Year 3 Math,,grade-3-comparing-mixed-numbers-and-fractions-d.pdf,,,,,,uploaded
comparing-mixed-numbers-and-fractions-e,Year 3 Math,,grade-3-comparing-mixed-numbers-and-fractions-e.pdf,,,,,,uploaded
comparing-mixed-numbers-and-fractions-f,Year 3 Math,,grade-3-comparing-mixed-numbers-and-fractions-f.pdf,,,,,,uploaded
comparing-proper-and-improper-fractions-a,Year 3 Math,,grade-3-comparing-proper-and-improper-fractions-a.pdf,,,,,,uploaded
comparing-proper-and-improper-fractions-a,Year 3 Math,,grade-3-comparing-proper-and-improper-fractions-a.pdf,,,,,,uploaded
comparing-proper-and-improper-fractions-b,Year 3 Math,,grade-3-comparing-proper-and-improper-fractions-b.pdf,,,,,,uploaded
comparing-proper-and-improper-fractions-c,Year 3 Math,,grade-3-comparing-proper-and-improper-fractions-c.pdf,,,,,,uploaded
comparing-proper-and-improper-fractions-d,Year 3 Math,,grade-3-comparing-proper-and-improper-fractions-d.pdf,,,,,,uploaded
comparing-proper-and-improper-fractions-e,Year 3 Math,,grade-3-comparing-proper-and-improper-fractions-e.pdf,,,,,,uploaded
comparing-proper-and-improper-fractions-f,Year 3 Math,,grade-3-comparing-proper-and-improper-fractions-f.pdf,,,,,,uploaded
comparing-proper-fractions-a,Year 3 Math,,grade-3-comparing-proper-fractions-a.pdf,,,,,,uploaded
comparing-proper-fractions-a,Year 3 Math,,grade-3-comparing-proper-fractions-a.pdf,,,,,,uploaded
comparing-proper-fractions-b,Year 3 Math,,grade-3-comparing-proper-fractions-b.pdf,,,,,,uploaded
comparing-proper-fractions-c,Year 3 Math,,grade-3-comparing-proper-fractions-c.pdf,,,,,,uploaded
comparing-proper-fractions-d,Year 3 Math,,grade-3-comparing-proper-fractions-d.pdf,,,,,,uploaded
comparing-proper-fractions-e,Year 3 Math,,grade-3-comparing-proper-fractions-e.pdf,,,,,,uploaded
comparing-proper-fractions-f,Year 3 Math,,grade-3-comparing-proper-fractions-f.pdf,,,,,,uploaded
completing-whole-number-mixed-numbers-a,Year 3 Math,,grade-3-completing-whole-number-mixed-numbers-a.pdf,,,,,,
completing-whole-number-mixed-numbers-a,Year 3 Math,,grade-3-completing-whole-number-mixed-numbers-a.pdf,,,,,,
completing-whole-number-mixed-numbers-b,Year 3 Math,,grade-3-completing-whole-number-mixed-numbers-b.pdf,,,,,,
completing-whole-number-mixed-numbers-c,Year 3 Math,,grade-3-completing-whole-number-mixed-numbers-c.pdf,,,,,,
completing-whole-number-mixed-numbers-d,Year 3 Math,,grade-3-completing-whole-number-mixed-numbers-d.pdf,,,,,,
completing-whole-number-mixed-numbers-e,Year 3 Math,,grade-3-completing-whole-number-mixed-numbers-e.pdf,,,,,,
completing-whole-number-mixed-numbers-f,Year 3 Math,,grade-3-completing-whole-number-mixed-numbers-f.pdf,,,,,,
decimals-to-mixed-numbers-a,Year 3 Math,,grade-3-decimals-to-mixed-numbers-a.pdf,,,,,,
decimals-to-mixed-numbers-a,Year 3 Math,,grade-3-decimals-to-mixed-numbers-a.pdf,,,,,,
decimals-to-mixed-numbers-b,Year 3 Math,,grade-3-decimals-to-mixed-numbers-b.pdf,,,,,,
decimals-to-mixed-numbers-c,Year 3 Math,,grade-3-decimals-to-mixed-numbers-c.pdf,,,,,,
decimals-to-mixed-numbers-d,Year 3 Math,,grade-3-decimals-to-mixed-numbers-d.pdf,,,,,,
decimals-to-mixed-numbers-e,Year 3 Math,,grade-3-decimals-to-mixed-numbers-e.pdf,,,,,,
decimals-to-mixed-numbers-f,Year 3 Math,,grade-3-decimals-to-mixed-numbers-f.pdf,,,,,,
equivalent-3-fractions-a,Year 3 Math,,grade-3-equivalent-3-fractions-a.pdf,,,,,,
equivalent-3-fractions-a,Year 3 Math,,grade-3-equivalent-3-fractions-a.pdf,,,,,,
equivalent-3-fractions-b,Year 3 Math,,grade-3-equivalent-3-fractions-b.pdf,,,,,,
equivalent-3-fractions-c,Year 3 Math,,grade-3-equivalent-3-fractions-c.pdf,,,,,,
equivalent-3-fractions-d,Year 3 Math,,grade-3-equivalent-3-fractions-d.pdf,,,,,,
equivalent-3-fractions-e,Year 3 Math,,grade-3-equivalent-3-fractions-e.pdf,,,,,,
equivalent-3-fractions-f,Year 3 Math,,grade-3-equivalent-3-fractions-f.pdf,,,,,,
equivalent-fractions-a,Year 3 Math,,grade-3-equivalent-fractions-a.pdf,,,,,,
equivalent-fractions-a,Year 3 Math,,grade-3-equivalent-fractions-a.pdf,,,,,,
equivalent-fractions-b,Year 3 Math,,grade-3-equivalent-fractions-b.pdf,,,,,,
equivalent-fractions-c,Year 3 Math,,grade-3-equivalent-fractions-c.pdf,,,,,,
equivalent-fractions-chart-a,Year 3 Math,,grade-3-equivalent-fractions-chart-a.pdf,,,,,,
equivalent-fractions-chart-a,Year 3 Math,,grade-3-equivalent-fractions-chart-a.pdf,,,,,,
equivalent-fractions-chart-b,Year 3 Math,,grade-3-equivalent-fractions-chart-b.pdf,,,,,,
equivalent-fractions-chart-c,Year 3 Math,,grade-3-equivalent-fractions-chart-c.pdf,,,,,,
equivalent-fractions-chart-d,Year 3 Math,,grade-3-equivalent-fractions-chart-d.pdf,,,,,,
equivalent-fractions-chart-e,Year 3 Math,,grade-3-equivalent-fractions-chart-e.pdf,,,,,,
equivalent-fractions-chart-f,Year 3 Math,,grade-3-equivalent-fractions-chart-f.pdf,,,,,,
equivalent-fractions-d,Year 3 Math,,grade-3-equivalent-fractions-d.pdf,,,,,,
equivalent-fractions-e,Year 3 Math,,grade-3-equivalent-fractions-e.pdf,,,,,,
equivalent-fractions-f,Year 3 Math,,grade-3-equivalent-fractions-f.pdf,,,,,,
equivalent-fractions-numerators-missing2-a,Year 3 Math,,grade-3-equivalent-fractions-numerators-missing2-a.pdf,,,,,,
equivalent-fractions-numerators-missing2-a,Year 3 Math,,grade-3-equivalent-fractions-numerators-missing2-a.pdf,,,,,,
equivalent-fractions-numerators-missing2-b,Year 3 Math,,grade-3-equivalent-fractions-numerators-missing2-b.pdf,,,,,,
equivalent-fractions-numerators-missing2-c,Year 3 Math,,grade-3-equivalent-fractions-numerators-missing2-c.pdf,,,,,,
equivalent-fractions-numerators-missing2-d,Year 3 Math,,grade-3-equivalent-fractions-numerators-missing2-d.pdf,,,,,,
equivalent-fractions-numerators-missing2-e,Year 3 Math,,grade-3-equivalent-fractions-numerators-missing2-e.pdf,,,,,,
equivalent-fractions-numerators-missing2-f,Year 3 Math,,grade-3-equivalent-fractions-numerators-missing2-f.pdf,,,,,,
equivalent-fractions-numerators-missing-a,Year 3 Math,,grade-3-equivalent-fractions-numerators-missing-a.pdf,,,,,,
equivalent-fractions-numerators-missing-a,Year 3 Math,,grade-3-equivalent-fractions-numerators-missing-a.pdf,,,,,,
equivalent-fractions-numerators-missing-b,Year 3 Math,,grade-3-equivalent-fractions-numerators-missing-b.pdf,,,,,,
equivalent-fractions-numerators-missing-c,Year 3 Math,,grade-3-equivalent-fractions-numerators-missing-c.pdf,,,,,,
equivalent-fractions-numerators-missing-d,Year 3 Math,,grade-3-equivalent-fractions-numerators-missing-d.pdf,,,,,,
equivalent-fractions-numerators-missing-e,Year 3 Math,,grade-3-equivalent-fractions-numerators-missing-e.pdf,,,,,,
equivalent-fractions-numerators-missing-f,Year 3 Math,,grade-3-equivalent-fractions-numerators-missing-f.pdf,,,,,,
fraction-part-set-a,Year 3 Math,,grade-3-fraction-part-set-a.pdf,,,,,,
fraction-part-set-a,Year 3 Math,,grade-3-fraction-part-set-a.pdf,,,,,,
fraction-part-set-b,Year 3 Math,,grade-3-fraction-part-set-b.pdf,,,,,,
fraction-part-set-c,Year 3 Math,,grade-3-fraction-part-set-c.pdf,,,,,,
fractions-to-decimals-a,Year 3 Math,,grade-3-fractions-to-decimals-a.pdf,,,,,,
fractions-to-decimals-a,Year 3 Math,,grade-3-fractions-to-decimals-a.pdf,,,,,,
fractions-to-decimals-b,Year 3 Math,,grade-3-fractions-to-decimals-b.pdf,,,,,,
fractions-to-decimals-c,Year 3 Math,,grade-3-fractions-to-decimals-c.pdf,,,,,,
fractions-to-decimals-d,Year 3 Math,,grade-3-fractions-to-decimals-d.pdf,,,,,,
fractions-to-decimals-e,Year 3 Math,,grade-3-fractions-to-decimals-e.pdf,,,,,,
fractions-to-decimals-f,Year 3 Math,,grade-3-fractions-to-decimals-f.pdf,,,,,,
geometry-area-draw-grid,Year 3 Math,,grade-3-geometry-area-draw-grid.pdf,,,,,,
geometry-area-perimeter-rectangles-a,Year 3 Math,,grade-3-geometry-area-perimeter-rectangles-a.pdf,,,,,,
geometry-area-perimeter-rectangles-a,Year 3 Math,,grade-3-geometry-area-perimeter-rectangles-a.pdf,,,,,,
geometry-area-perimeter-rectangles-b,Year 3 Math,,grade-3-geometry-area-perimeter-rectangles-b.pdf,,,,,,
geometry-area-perimeter-rectangles-c,Year 3 Math,,grade-3-geometry-area-perimeter-rectangles-c.pdf,,,,,,
geometry-area-perimeter-rectangles-d,Year 3 Math,,grade-3-geometry-area-perimeter-rectangles-d.pdf,,,,,,
geometry-area-rectangle-a,Year 3 Math,,grade-3-geometry-area-rectangle-a.pdf,,,,,,
geometry-area-rectangle-a,Year 3 Math,,grade-3-geometry-area-rectangle-a.pdf,,,,,,
geometry-area-rectangle-b,Year 3 Math,,grade-3-geometry-area-rectangle-b.pdf,,,,,,
geometry-area-rectangle-c,Year 3 Math,,grade-3-geometry-area-rectangle-c.pdf,,,,,,
geometry-area-rectangle-d,Year 3 Math,,grade-3-geometry-area-rectangle-d.pdf,,,,,,
geometry-area-rectangle-grid,Year 3 Math,,grade-3-geometry-area-rectangle-grid.pdf,,,,,,
geometry-area-rectangle-grid,Year 3 Math,,grade-3-geometry-area-rectangle-grid.pdf,,,,,,
geometry-area-rectangular-shapes-grid,Year 3 Math,,grade-3-geometry-area-rectangular-shapes-grid.pdf,,,,,,
geometry-circles-parts,Year 3 Math,,grade-3-geometry-circles-parts.pdf,,,,,,
geometry-circles-parts,Year 3 Math,,grade-3-geometry-circles-parts.pdf,,,,,,
geometry-circles-parts-describing,Year 3 Math,,grade-3-geometry-circles-parts-describing.pdf,,,,,,
geometry-circles-parts-labelling,Year 3 Math,,grade-3-geometry-circles-parts-labelling.pdf,,,,,,
geometry-classifying-angles,Year 3 Math,,grade-3-geometry-classifying-angles.pdf,,,,,,
geometry-classifying-angles-b,Year 3 Math,,grade-3-geometry-classifying-angles-b.pdf,,,,,,
geometry-classifying-angles-b,Year 3 Math,,grade-3-geometry-classifying-angles-b.pdf,,,,,,
geometry-classifying-angles-c,Year 3 Math,,grade-3-geometry-classifying-angles-c.pdf,,,,,,
geometry-classify-triangles,Year 3 Math,,grade-3-geometry-classify-triangles.pdf,,,,,,
geometry-classify-triangles-angles,Year 3 Math,,grade-3-geometry-classify-triangles-angles.pdf,,,,,,
geometry-classify-triangles-angles,Year 3 Math,,grade-3-geometry-classify-triangles-angles.pdf,,,,,,
geometry-classify-triangles-practice,Year 3 Math,,grade-3-geometry-classify-triangles-practice.pdf,,,,,,
geometry-classify-triangles-sides,Year 3 Math,,grade-3-geometry-classify-triangles-sides.pdf,,,,,,
geometry-completing-polygon,Year 3 Math,,grade-3-geometry-completing-polygon.pdf,,,,,,
geometry-congruent-shapes-a,Year 3 Math,,grade-3-geometry-congruent-shapes-a.pdf,,,,,,
geometry-congruent-shapes-a,Year 3 Math,,grade-3-geometry-congruent-shapes-a.pdf,,,,,,
geometry-congruent-shapes-b,Year 3 Math,,grade-3-geometry-congruent-shapes-b.pdf,,,,,,
geometry-describing-quadrilaterals,Year 3 Math,,grade-3-geometry-describing-quadrilaterals.pdf,,,,,,
geometry-finding-lines-symmetry,Year 3 Math,,grade-3-geometry-finding-lines-symmetry.pdf,,,,,,
geometry-finding-lines-symmetry,Year 3 Math,,grade-3-geometry-finding-lines-symmetry.pdf,,,,,,
geometry-identify-quadrilaterals-a,Year 3 Math,,grade-3-geometry-identify-quadrilaterals-a.pdf,,,,,,
geometry-identify-quadrilaterals-a,Year 3 Math,,grade-3-geometry-identify-quadrilaterals-a.pdf,,,,,,
geometry-identify-quadrilaterals-b,Year 3 Math,,grade-3-geometry-identify-quadrilaterals-b.pdf,,,,,,
geometry-lines-of-symmetry-a,Year 3 Math,,grade-3-geometry-lines-of-symmetry-a.pdf,,,,,,
geometry-lines-of-symmetry-b,Year 3 Math,,grade-3-geometry-lines-of-symmetry-b.pdf,,,,,,
geometry-lines-of-symmetry-b,Year 3 Math,,grade-3-geometry-lines-of-symmetry-b.pdf,,,,,,
geometry-lines-segments-rays,Year 3 Math,,grade-3-geometry-lines-segments-rays.pdf,,,,,,
geometry-lines-segments-rays-angles,Year 3 Math,,grade-3-geometry-lines-segments-rays-angles.pdf,,,,,,
geometry-lines-segments-rays-angles,Year 3 Math,,grade-3-geometry-lines-segments-rays-angles.pdf,,,,,,
geometry-lines-segments-rays-angles-b,Year 3 Math,,grade-3-geometry-lines-segments-rays-angles-b.pdf,,,,,,
geometry-lines-segments-rays-b,Year 3 Math,,grade-3-geometry-lines-segments-rays-b.pdf,,,,,,
geometry-lines-segments-rays-b,Year 3 Math,,grade-3-geometry-lines-segments-rays-b.pdf,,,,,,
geometry-measuring-angles-a,Year 3 Math,,grade-3-geometry-measuring-angles-a.pdf,,,,,,
geometry-measuring-angles-a,Year 3 Math,,grade-3-geometry-measuring-angles-a.pdf,,,,,,
geometry-measuring-angles-b,Year 3 Math,,grade-3-geometry-measuring-angles-b.pdf,,,,,,
geometry-measuring-classifying-angles-a,Year 3 Math,,grade-3-geometry-measuring-classifying-angles-a.pdf,,,,,,
geometry-measuring-classifying-angles-b,Year 3 Math,,grade-3-geometry-measuring-classifying-angles-b.pdf,,,,,,
geometry-parallelograms,Year 3 Math,,grade-3-geometry-parallelograms.pdf,,,,,,
geometry-parallelograms-b,Year 3 Math,,grade-3-geometry-parallelograms-b.pdf,,,,,,
geometry-parallelograms-b,Year 3 Math,,grade-3-geometry-parallelograms-b.pdf,,,,,,
geometry-parallel-perpendicular-lines,Year 3 Math,,grade-3-geometry-parallel-perpendicular-lines.pdf,,,,,,
geometry-parallel-perpendicular-lines-b,Year 3 Math,,grade-3-geometry-parallel-perpendicular-lines-b.pdf,,,,,,
geometry-parallel-perpendicular-lines-b,Year 3 Math,,grade-3-geometry-parallel-perpendicular-lines-b.pdf,,,,,,
geometry-parallel-perpendicular-lines-c,Year 3 Math,,grade-3-geometry-parallel-perpendicular-lines-c.pdf,,,,,,
geometry-perimeter-irregular-shapes-a,Year 3 Math,,grade-3-geometry-perimeter-irregular-shapes-a.pdf,,,,,,
geometry-perimeter-irregular-shapes-a,Year 3 Math,,grade-3-geometry-perimeter-irregular-shapes-a.pdf,,,,,,
geometry-perimeter-irregular-shapes-b,Year 3 Math,,grade-3-geometry-perimeter-irregular-shapes-b.pdf,,,,,,
geometry-perimeter-rectangles-a,Year 3 Math,,grade-3-geometry-perimeter-rectangles-a.pdf,,,,,,
geometry-perimeter-rectangles-a,Year 3 Math,,grade-3-geometry-perimeter-rectangles-a.pdf,,,,,,
geometry-perimeter-rectangles-b,Year 3 Math,,grade-3-geometry-perimeter-rectangles-b.pdf,,,,,,
geometry-perimeter-rectangles-c,Year 3 Math,,grade-3-geometry-perimeter-rectangles-c.pdf,,,,,,
geometry-perimeter-rectangles-d,Year 3 Math,,grade-3-geometry-perimeter-rectangles-d.pdf,,,,,,
geometry-perimeter-rectangular-shapes-grid,Year 3 Math,,grade-3-geometry-perimeter-rectangular-shapes-grid.pdf,,,,,,
geometry-perimeter-rectangular-shapes-grid,Year 3 Math,,grade-3-geometry-perimeter-rectangular-shapes-grid.pdf,,,,,,
geometry-perimeter-rectangular-shapes-grid-b,Year 3 Math,,grade-3-geometry-perimeter-rectangular-shapes-grid-b.pdf,,,,,,
geometry-polygons-identifying-a,Year 3 Math,,grade-3-geometry-polygons-identifying-a.pdf,,,,,,
geometry-polygons-identifying-a,Year 3 Math,,grade-3-geometry-polygons-identifying-a.pdf,,,,,,
geometry-polygons-identifying-b,Year 3 Math,,grade-3-geometry-polygons-identifying-b.pdf,,,,,,
geometry-polygons-properties,Year 3 Math,,grade-3-geometry-polygons-properties.pdf,,,,,,
geometry-polygons-properties,Year 3 Math,,grade-3-geometry-polygons-properties.pdf,,,,,,
geometry-protractor-drawing-angles,Year 3 Math,,grade-3-geometry-protractor-drawing-angles.pdf,,,,,,
geometry-protractor-drawing-angles,Year 3 Math,,grade-3-geometry-protractor-drawing-angles.pdf,,,,,,
geometry-protractor-drawing-angles-b,Year 3 Math,,grade-3-geometry-protractor-drawing-angles-b.pdf,,,,,,
geometry-protractor-drawing-angles-c,Year 3 Math,,grade-3-geometry-protractor-drawing-angles-c.pdf,,,,,,
geometry-protractor-drawing-angles-d,Year 3 Math,,grade-3-geometry-protractor-drawing-angles-d.pdf,,,,,,
geometry-regular-polygons,Year 3 Math,,grade-3-geometry-regular-polygons.pdf,,,,,,
geometry-right-angles-a,Year 3 Math,,grade-3-geometry-right-angles-a.pdf,,,,,,
geometry-right-angles-b,Year 3 Math,,grade-3-geometry-right-angles-b.pdf,,,,,,
geometry-right-angles-b,Year 3 Math,,grade-3-geometry-right-angles-b.pdf,,,,,,
geometry-symmetrical-shapes-a,Year 3 Math,,grade-3-geometry-symmetrical-shapes-a.pdf,,,,,,
geometry-symmetrical-shapes-b,Year 3 Math,,grade-3-geometry-symmetrical-shapes-b.pdf,,,,,,
geometry-types-of-quadrilaterals,Year 3 Math,,grade-3-geometry-types-of-quadrilaterals.pdf,,,,,,
geometry-types-of-quadrilaterals,Year 3 Math,,grade-3-geometry-types-of-quadrilaterals.pdf,,,,,,
identify-equivalent-fractions-a,Year 3 Math,,grade-3-identify-equivalent-fractions-a.pdf,,,,,,
identify-equivalent-fractions-a,Year 3 Math,,grade-3-identify-equivalent-fractions-a.pdf,,,,,,
identify-equivalent-fractions-b,Year 3 Math,,grade-3-identify-equivalent-fractions-b.pdf,,,,,,
identify-equivalent-fractions-c,Year 3 Math,,grade-3-identify-equivalent-fractions-c.pdf,,,,,,
identify-equivalent-fractions-d,Year 3 Math,,grade-3-identify-equivalent-fractions-d.pdf,,,,,,
identify-equivalent-fractions-e,Year 3 Math,,grade-3-identify-equivalent-fractions-e.pdf,,,,,,
identify-equivalent-fractions-f,Year 3 Math,,grade-3-identify-equivalent-fractions-f.pdf,,,,,,
identify-fractions-color-a,Year 3 Math,,grade-3-identify-fractions-color-a.pdf,,,,,,
identify-fractions-color-a,Year 3 Math,,grade-3-identify-fractions-color-a.pdf,,,,,,
identify-fractions-color-b,Year 3 Math,,grade-3-identify-fractions-color-b.pdf,,,,,,
identify-fractions-color-c,Year 3 Math,,grade-3-identify-fractions-color-c.pdf,,,,,,
identify-fractions-color-d,Year 3 Math,,grade-3-identify-fractions-color-d.pdf,,,,,,
identify-fractions-color-e,Year 3 Math,,grade-3-identify-fractions-color-e.pdf,,,,,,
identify-fractions-color-f,Year 3 Math,,grade-3-identify-fractions-color-f.pdf,,,,,,
identify-fractions-write-a,Year 3 Math,,grade-3-identify-fractions-write-a.pdf,,,,,,
identify-fractions-write-a,Year 3 Math,,grade-3-identify-fractions-write-a.pdf,,,,,,
identify-fractions-write-b,Year 3 Math,,grade-3-identify-fractions-write-b.pdf,,,,,,
identify-fractions-write-c,Year 3 Math,,grade-3-identify-fractions-write-c.pdf,,,,,,
identify-fractions-write-d,Year 3 Math,,grade-3-identify-fractions-write-d.pdf,,,,,,
identify-fractions-write-e,Year 3 Math,,grade-3-identify-fractions-write-e.pdf,,,,,,
identify-fractions-write-f,Year 3 Math,,grade-3-identify-fractions-write-f.pdf,,,,,,
improper-fractions-to-mixed-numbers-a,Year 3 Math,,grade-3-improper-fractions-to-mixed-numbers-a.pdf,,,,,,
improper-fractions-to-mixed-numbers-a,Year 3 Math,,grade-3-improper-fractions-to-mixed-numbers-a.pdf,,,,,,
improper-fractions-to-mixed-numbers-b,Year 3 Math,,grade-3-improper-fractions-to-mixed-numbers-b.pdf,,,,,,
improper-fractions-to-mixed-numbers-c,Year 3 Math,,grade-3-improper-fractions-to-mixed-numbers-c.pdf,,,,,,
improper-fractions-to-mixed-numbers-d,Year 3 Math,,grade-3-improper-fractions-to-mixed-numbers-d.pdf,,,,,,
improper-fractions-to-mixed-numbers-e,Year 3 Math,,grade-3-improper-fractions-to-mixed-numbers-e.pdf,,,,,,
improper-fractions-to-mixed-numbers-f,Year 3 Math,,grade-3-improper-fractions-to-mixed-numbers-f.pdf,,,,,,
mixed-numbers-to-decimals-a,Year 3 Math,,grade-3-mixed-numbers-to-decimals-a.pdf,,,,,,
mixed-numbers-to-decimals-a,Year 3 Math,,grade-3-mixed-numbers-to-decimals-a.pdf,,,,,,
mixed-numbers-to-decimals-b,Year 3 Math,,grade-3-mixed-numbers-to-decimals-b.pdf,,,,,,
mixed-numbers-to-decimals-c,Year 3 Math,,grade-3-mixed-numbers-to-decimals-c.pdf,,,,,,
mixed-numbers-to-decimals-d,Year 3 Math,,grade-3-mixed-numbers-to-decimals-d.pdf,,,,,,
mixed-numbers-to-decimals-e,Year 3 Math,,grade-3-mixed-numbers-to-decimals-e.pdf,,,,,,
mixed-numbers-to-decimals-f,Year 3 Math,,grade-3-mixed-numbers-to-decimals-f.pdf,,,,,,
mixed-numbers-to-improper-fractions-a,Year 3 Math,,grade-3-mixed-numbers-to-improper-fractions-a.pdf,,,,,,
mixed-numbers-to-improper-fractions-a,Year 3 Math,,grade-3-mixed-numbers-to-improper-fractions-a.pdf,,,,,,
mixed-numbers-to-improper-fractions-b,Year 3 Math,,grade-3-mixed-numbers-to-improper-fractions-b.pdf,,,,,,
mixed-numbers-to-improper-fractions-c,Year 3 Math,,grade-3-mixed-numbers-to-improper-fractions-c.pdf,,,,,,
mixed-numbers-to-improper-fractions-d,Year 3 Math,,grade-3-mixed-numbers-to-improper-fractions-d.pdf,,,,,,
mixed-numbers-to-improper-fractions-e,Year 3 Math,,grade-3-mixed-numbers-to-improper-fractions-e.pdf,,,,,,
mixed-numbers-to-improper-fractions-f,Year 3 Math,,grade-3-mixed-numbers-to-improper-fractions-f.pdf,,,,,,
order-decimals-a,Year 3 Math,,grade-3-order-decimals-a.pdf,,,,,,
order-decimals-a,Year 3 Math,,grade-3-order-decimals-a.pdf,,,,,,
order-decimals-b,Year 3 Math,,grade-3-order-decimals-b.pdf,,,,,,
order-decimals-c,Year 3 Math,,grade-3-order-decimals-c.pdf,,,,,,
simplify-fractions-improper-a,Year 3 Math,,grade-3-simplify-fractions-improper-a.pdf,,,,,,
simplify-fractions-improper-a,Year 3 Math,,grade-3-simplify-fractions-improper-a.pdf,,,,,,
simplify-fractions-improper-b,Year 3 Math,,grade-3-simplify-fractions-improper-b.pdf,,,,,,
simplify-fractions-improper-c,Year 3 Math,,grade-3-simplify-fractions-improper-c.pdf,,,,,,
simplify-fractions-improper-d,Year 3 Math,,grade-3-simplify-fractions-improper-d.pdf,,,,,,
simplify-fractions-improper-e,Year 3 Math,,grade-3-simplify-fractions-improper-e.pdf,,,,,,
simplify-fractions-improper-f,Year 3 Math,,grade-3-simplify-fractions-improper-f.pdf,,,,,,
simplify-fractions-proper-a,Year 3 Math,,grade-3-simplify-fractions-proper-a.pdf,,,,,,
simplify-fractions-proper-a,Year 3 Math,,grade-3-simplify-fractions-proper-a.pdf,,,,,,
simplify-fractions-proper-b,Year 3 Math,,grade-3-simplify-fractions-proper-b.pdf,,,,,,
simplify-fractions-proper-c,Year 3 Math,,grade-3-simplify-fractions-proper-c.pdf,,,,,,
simplify-fractions-proper-d,Year 3 Math,,grade-3-simplify-fractions-proper-d.pdf,,,,,,
simplify-fractions-proper-e,Year 3 Math,,grade-3-simplify-fractions-proper-e.pdf,,,,,,
simplify-fractions-proper-f,Year 3 Math,,grade-3-simplify-fractions-proper-f.pdf,,,,,,
subtracting-decimals-1-digit-a,Year 3 Math,,grade-3-subtracting-decimals-1-digit-a.pdf,,,,,,
subtracting-decimals-1-digit-a,Year 3 Math,,grade-3-subtracting-decimals-1-digit-a.pdf,,,,,,
subtracting-decimals-1-digit-b,Year 3 Math,,grade-3-subtracting-decimals-1-digit-b.pdf,,,,,,
subtracting-decimals-1-digit-c,Year 3 Math,,grade-3-subtracting-decimals-1-digit-c.pdf,,,,,,
subtracting-decimals-1-digit-d,Year 3 Math,,grade-3-subtracting-decimals-1-digit-d.pdf,,,,,,
subtracting-decimals-1-digit-e,Year 3 Math,,grade-3-subtracting-decimals-1-digit-e.pdf,,,,,,
subtracting-decimals-1-digit-f,Year 3 Math,,grade-3-subtracting-decimals-1-digit-f.pdf,,,,,,
subtracting-decimals-in-columns-1-digit-a,Year 3 Math,,grade-3-subtracting-decimals-in-columns-1-digit-a.pdf,,,,,,
subtracting-decimals-in-columns-1-digit-a,Year 3 Math,,grade-3-subtracting-decimals-in-columns-1-digit-a.pdf,,,,,,
subtracting-decimals-in-columns-1-digit-b,Year 3 Math,,grade-3-subtracting-decimals-in-columns-1-digit-b.pdf,,,,,,
subtracting-decimals-in-columns-1-digit-c,Year 3 Math,,grade-3-subtracting-decimals-in-columns-1-digit-c.pdf,,,,,,
subtracting-decimals-in-columns-1-digit-d,Year 3 Math,,grade-3-subtracting-decimals-in-columns-1-digit-d.pdf,,,,,,
subtracting-decimals-in-columns-1-digit-e,Year 3 Math,,grade-3-subtracting-decimals-in-columns-1-digit-e.pdf,,,,,,
subtracting-decimals-in-columns-1-digit-f,Year 3 Math,,grade-3-subtracting-decimals-in-columns-1-digit-f.pdf,,,,,,
subtracting-decimals-missing-minuend-a,Year 3 Math,,grade-3-subtracting-decimals-missing-minuend-a.pdf,,,,,,
subtracting-decimals-missing-minuend-a,Year 3 Math,,grade-3-subtracting-decimals-missing-minuend-a.pdf,,,,,,
subtracting-decimals-missing-minuend-b,Year 3 Math,,grade-3-subtracting-decimals-missing-minuend-b.pdf,,,,,,
subtracting-decimals-missing-minuend-c,Year 3 Math,,grade-3-subtracting-decimals-missing-minuend-c.pdf,,,,,,
subtracting-decimals-missing-minuend-d,Year 3 Math,,grade-3-subtracting-decimals-missing-minuend-d.pdf,,,,,,
subtracting-decimals-missing-minuend-e,Year 3 Math,,grade-3-subtracting-decimals-missing-minuend-e.pdf,,,,,,
subtracting-decimals-missing-minuend-f,Year 3 Math,,grade-3-subtracting-decimals-missing-minuend-f.pdf,,,,,,
subtracting-fractions-from-mixed-numbers-a,Year 3 Math,,grade-3-subtracting-fractions-from-mixed-numbers-a.pdf,,,,,,
subtracting-fractions-from-mixed-numbers-a,Year 3 Math,,grade-3-subtracting-fractions-from-mixed-numbers-a.pdf,,,,,,
subtracting-fractions-from-mixed-numbers-b,Year 3 Math,,grade-3-subtracting-fractions-from-mixed-numbers-b.pdf,,,,,,
subtracting-fractions-from-mixed-numbers-c,Year 3 Math,,grade-3-subtracting-fractions-from-mixed-numbers-c.pdf,,,,,,
subtracting-fractions-from-mixed-numbers-d,Year 3 Math,,grade-3-subtracting-fractions-from-mixed-numbers-d.pdf,,,,,,
subtracting-fractions-from-mixed-numbers-e,Year 3 Math,,grade-3-subtracting-fractions-from-mixed-numbers-e.pdf,,,,,,
subtracting-fractions-from-mixed-numbers-f,Year 3 Math,,grade-3-subtracting-fractions-from-mixed-numbers-f.pdf,,,,,,
subtracting-fractions-from-whole-numbers-a,Year 3 Math,,grade-3-subtracting-fractions-from-whole-numbers-a.pdf,,,,,,
subtracting-fractions-from-whole-numbers-a,Year 3 Math,,grade-3-subtracting-fractions-from-whole-numbers-a.pdf,,,,,,
subtracting-fractions-from-whole-numbers-b,Year 3 Math,,grade-3-subtracting-fractions-from-whole-numbers-b.pdf,,,,,,
subtracting-fractions-from-whole-numbers-c,Year 3 Math,,grade-3-subtracting-fractions-from-whole-numbers-c.pdf,,,,,,
subtracting-fractions-from-whole-numbers-d,Year 3 Math,,grade-3-subtracting-fractions-from-whole-numbers-d.pdf,,,,,,
subtracting-fractions-from-whole-numbers-e,Year 3 Math,,grade-3-subtracting-fractions-from-whole-numbers-e.pdf,,,,,,
subtracting-fractions-from-whole-numbers-f,Year 3 Math,,grade-3-subtracting-fractions-from-whole-numbers-f.pdf,,,,,,
subtracting-fractions-like-denominators-a,Year 3 Math,,grade-3-subtracting-fractions-like-denominators-a.pdf,,,,,,
subtracting-fractions-like-denominators-a,Year 3 Math,,grade-3-subtracting-fractions-like-denominators-a.pdf,,,,,,
subtracting-fractions-like-denominators-b,Year 3 Math,,grade-3-subtracting-fractions-like-denominators-b.pdf,,,,,,
subtracting-fractions-like-denominators-c,Year 3 Math,,grade-3-subtracting-fractions-like-denominators-c.pdf,,,,,,
subtracting-fractions-like-denominators-d,Year 3 Math,,grade-3-subtracting-fractions-like-denominators-d.pdf,,,,,,
subtracting-fractions-like-denominators-e,Year 3 Math,,grade-3-subtracting-fractions-like-denominators-e.pdf,,,,,,
subtracting-fractions-like-denominators-f,Year 3 Math,,grade-3-subtracting-fractions-like-denominators-f.pdf,,,,,,
subtracting-improper-fractions-like-denominators-a,Year 3 Math,,grade-3-subtracting-improper-fractions-like-denominators-a.pdf,,,,,,
subtracting-improper-fractions-like-denominators-a,Year 3 Math,,grade-3-subtracting-improper-fractions-like-denominators-a.pdf,,,,,,
subtracting-improper-fractions-like-denominators-b,Year 3 Math,,grade-3-subtracting-improper-fractions-like-denominators-b.pdf,,,,,,
subtracting-improper-fractions-like-denominators-c,Year 3 Math,,grade-3-subtracting-improper-fractions-like-denominators-c.pdf,,,,,,
subtracting-improper-fractions-like-denominators-d,Year 3 Math,,grade-3-subtracting-improper-fractions-like-denominators-d.pdf,,,,,,
subtracting-improper-fractions-like-denominators-e,Year 3 Math,,grade-3-subtracting-improper-fractions-like-denominators-e.pdf,,,,,,
subtracting-improper-fractions-like-denominators-f,Year 3 Math,,grade-3-subtracting-improper-fractions-like-denominators-f.pdf,,,,,,
subtracting-mixed-numbers-from-whole-numbers-a,Year 3 Math,,grade-3-subtracting-mixed-numbers-from-whole-numbers-a.pdf,,,,,,
subtracting-mixed-numbers-from-whole-numbers-a,Year 3 Math,,grade-3-subtracting-mixed-numbers-from-whole-numbers-a.pdf,,,,,,
subtracting-mixed-numbers-from-whole-numbers-b,Year 3 Math,,grade-3-subtracting-mixed-numbers-from-whole-numbers-b.pdf,,,,,,
subtracting-mixed-numbers-from-whole-numbers-c,Year 3 Math,,grade-3-subtracting-mixed-numbers-from-whole-numbers-c.pdf,,,,,,
subtracting-mixed-numbers-from-whole-numbers-d,Year 3 Math,,grade-3-subtracting-mixed-numbers-from-whole-numbers-d.pdf,,,,,,
subtracting-mixed-numbers-from-whole-numbers-e,Year 3 Math,,grade-3-subtracting-mixed-numbers-from-whole-numbers-e.pdf,,,,,,
subtracting-mixed-numbers-from-whole-numbers-f,Year 3 Math,,grade-3-subtracting-mixed-numbers-from-whole-numbers-f.pdf,,,,,,
subtracting-mixed-numbers-like-denominators-a,Year 3 Math,,grade-3-subtracting-mixed-numbers-like-denominators-a.pdf,,,,,,
subtracting-mixed-numbers-like-denominators-a,Year 3 Math,,grade-3-subtracting-mixed-numbers-like-denominators-a.pdf,,,,,,
subtracting-mixed-numbers-like-denominators-b,Year 3 Math,,grade-3-subtracting-mixed-numbers-like-denominators-b.pdf,,,,,,
subtracting-mixed-numbers-like-denominators-c,Year 3 Math,,grade-3-subtracting-mixed-numbers-like-denominators-c.pdf,,,,,,
subtracting-mixed-numbers-like-denominators-d,Year 3 Math,,grade-3-subtracting-mixed-numbers-like-denominators-d.pdf,,,,,,
subtracting-mixed-numbers-like-denominators-e,Year 3 Math,,grade-3-subtracting-mixed-numbers-like-denominators-e.pdf,,,,,,
subtracting-mixed-numbers-like-denominators-f,Year 3 Math,,grade-3-subtracting-mixed-numbers-like-denominators-f.pdf,,,,,,
